,Company,Revenue Growth (%),Operating Expenses Growth (%),Net Income Growth (%),Total Assets Growth (%),Total Liabilities Growth (%),Operating Activities Cash Growth (%)
0,Apple,1.664442357954891,7.938056855498346,0.8657716488695769,0.1502227666520343,0.35558607075341087,2.618743576558239
1,Microsoft,8.279366728442199,7.9459197922892395,6.065639152203058,7.408498024195816,2.3840829812587025,4.796562996134912
2,Tesla,23.382306381278074,7.817307284313077,47.326534088630204,20.670474739918735,12.438190643784056,6.032691628700197
